Model,Accuracy,ROC AUC,F1 Score
Baseline,0.5467597600550693,0.5,0.7069743785364613
Logistic Regression,0.6534565837348805,0.708940242035055,0.7053018899481519
