Model,Accuracy,ROC AUC,F1 Score
Baseline,0.5691551853038556,0.5,0.7254288047917233
Logistic Regression,0.6410338566698708,0.6784878727848379,0.7228041237113403
